"Buenos Aires","25 de mayo","Veinticinco De Mayo"
"Buenos Aires","9 de julio","Nueve De Julio"
"Buenos Aires","Almirante Brown",Burzaco
"Buenos Aires","Almirante Brown",Claypole
"Buenos Aires","Almirante Brown","Don Orione"
"Buenos Aires","Almirante Brown",Glew
"Buenos Aires","Almirante Brown","José Marmol"
"Buenos Aires","Almirante Brown",Longchamps
"Buenos Aires","Almirante Brown","Malvinas Argentinas"
"Buenos Aires","Almirante Brown","Ministro Rivadavia"
"Buenos Aires","Almirante Brown","Rafael Calzada"
"Buenos Aires","Almirante Brown","San José"
"Buenos Aires","Almirante Brown",Solano
"Buenos Aires",Arrecifes,Arrecifes
"Buenos Aires",Avellaneda,Avellaneda
"Buenos Aires",Avellaneda,Crucecita
"Buenos Aires",Avellaneda,"Dock Sud"
"Buenos Aires",Avellaneda,Gerli
"Buenos Aires",Avellaneda,"Piñeyro"
"Buenos Aires",Avellaneda,"Sarandí"
"Buenos Aires",Avellaneda,"Villa Domínico"
"Buenos Aires",Avellaneda,Wilde
"Buenos Aires",Avellaneda,"Zona De Reserva"
"Buenos Aires",Azul,Azul
"Buenos Aires","Bahía Blanca","Bahía Blanca"
"Buenos Aires","Bahía Blanca","General Daniel Cerri"
"Buenos Aires","Bahía Blanca","Ingeniero White"
"Buenos Aires",Balcarce,Balcarce
"Buenos Aires",Baradero,Baradero
"Buenos Aires",Berazategui,"Berazategui Oeste"
"Buenos Aires",Berazategui,"Centro Agrícola El Pato"
"Buenos Aires",Berazategui,"Guillermo Hudson"
"Buenos Aires",Berazategui,"Gutiérrez"
"Buenos Aires",Berazategui,Pereyra
"Buenos Aires",Berazategui,"Plátanos"
"Buenos Aires",Berazategui,Ranelagh
"Buenos Aires",Berisso,Berisso
"Buenos Aires",Berisso,"El Carmen"
"Buenos Aires",Berisso,"Los Talas"
"Buenos Aires",Berisso,"Villa Progreso"
"Buenos Aires",Bragado,Bragado
"Buenos Aires",Brandsen,Brandsen
"Buenos Aires",Campana,Campana
"Buenos Aires",Campana,"Ingeniero Otamendi"
"Buenos Aires","Capitán Sarmiento","Capitán Sarmiento"
"Buenos Aires","Carlos Casares","Carlos Casares"
"Buenos Aires","Carmen de Areco","Carmen De Areco"
"Buenos Aires",Castelli,Castelli
"Buenos Aires","Cañuelas","Cañuelas"
"Buenos Aires","Cañuelas","Máximo Paz"
"Buenos Aires",Chacabuco,Chacabuco
"Buenos Aires","Chascomús","Chascomús"
"Buenos Aires",Chivilcoy,Chivilcoy
"Buenos Aires","Coronel Dorrego","Coronel Dorrego"
"Buenos Aires","Coronel de Marina Leonardo Rosales","Punta Alta"
"Buenos Aires",Dolores,Dolores
"Buenos Aires",Ensenada,"El Dique"
"Buenos Aires",Ensenada,Ensenada
"Buenos Aires",Ensenada,"Punta Lara"
"Buenos Aires",Escobar,Escobar
"Buenos Aires",Escobar,"Garín"
"Buenos Aires",Escobar,"Ingeniero Maschwitz"
"Buenos Aires",Escobar,"Maquinista Savio"
"Buenos Aires",Escobar,Matheu
"Buenos Aires","Esteban Echeverría","El Jagüel"
"Buenos Aires","Esteban Echeverría","Luis Guillón"
"Buenos Aires","Esteban Echeverría","Monte Grande"
"Buenos Aires","Esteban Echeverría","Nueve De Abril"
"Buenos Aires","Exaltación de la Cruz","Arroyo De La Cruz"
"Buenos Aires","Exaltación de la Cruz","Los Cardales"
"Buenos Aires","Exaltación de la Cruz","Pavón"
"Buenos Aires","Exaltación de la Cruz",Robles
"Buenos Aires","Florencio Varela",Bosques
"Buenos Aires","Florencio Varela","Estanislao Severo Zeballos"
"Buenos Aires","Florencio Varela","Florencio Varela"
"Buenos Aires","Florencio Varela","Gobernador Costa"
"Buenos Aires","Florencio Varela","Ingeniero Allan"
"Buenos Aires","Florencio Varela","La Capilla"
"Buenos Aires","Florencio Varela","Santa Rosa"
"Buenos Aires","Florencio Varela","Villa Brown"
"Buenos Aires","Florencio Varela","Villa San Luis"
"Buenos Aires","Florencio Varela","Villa Vatteone"
"Buenos Aires","General Alvarado",Miramar
"Buenos Aires","General Juan Madariaga","General Juan Madariaga"
"Buenos Aires","General Pueyrredón","Batán"
"Buenos Aires","General Pueyrredón","Estación Chapadmalal"
"Buenos Aires","General Pueyrredón","Mar Del Plata"
"Buenos Aires","General Pueyrredón","Sierra De Los Padres"
"Buenos Aires","General Rodríguez","General Rodríguez"
"Buenos Aires","General San Martín","Bíllinghurst"
"Buenos Aires","General San Martín","José León Suárez"
"Buenos Aires","General San Martín","Loma Hermosa"
"Buenos Aires","General San Martín","San Andrés"
"Buenos Aires","General San Martín","Villa Ayacucho"
"Buenos Aires","General San Martín","Villa Ballester"
"Buenos Aires","General San Martín","Villa Granaderos De San Martín"
"Buenos Aires","General San Martín","Villa Libertad"
"Buenos Aires","General San Martín","Villa Lynch"
"Buenos Aires","General San Martín","Villa Maipú"
"Buenos Aires","General Viamonte","Los Toldos"
"Buenos Aires","General Villegas","General Villegas"
"Buenos Aires",Hurlingham,Hurlingham
"Buenos Aires",Hurlingham,"Villa Tesei"
"Buenos Aires",Hurlingham,"William Morris"
"Buenos Aires","Ituzaingó","Ituzaingó"
"Buenos Aires","Ituzaingó","Ituzaingó Norte"
"Buenos Aires","Ituzaingó","Villa Gobernador Udaondo"
"Buenos Aires","José C. Paz","José C. Paz"
"Buenos Aires","José M. Ezeiza","Carlos Spegazzini"
"Buenos Aires","José M. Ezeiza",Ezeiza
"Buenos Aires","José M. Ezeiza","La Unión"
"Buenos Aires","José M. Ezeiza","Tristán Suárez"
"Buenos Aires","Junín","Junín"
"Buenos Aires","Junín",Morse
"Buenos Aires","La Costa","Mar De Ajó"
"Buenos Aires","La Costa","Mar Del Tuyú"
"Buenos Aires","La Costa","San Bernardo"
"Buenos Aires","La Costa","San Clemente Del Tuyú"
"Buenos Aires","La Costa","Santa Teresita"
"Buenos Aires","La Matanza","Aldo Bonzi"
"Buenos Aires","La Matanza","Ciudad Evita"
"Buenos Aires","La Matanza","Ciudad Madero"
"Buenos Aires","La Matanza","González Catán"
"Buenos Aires","La Matanza","Gregorio De Laferrere"
"Buenos Aires","La Matanza","Isidro Casanova"
"Buenos Aires","La Matanza","La Tablada"
"Buenos Aires","La Matanza","Lomas Del Mirador"
"Buenos Aires","La Matanza","Rafael Castillo"
"Buenos Aires","La Matanza","Ramos Mejía"
"Buenos Aires","La Matanza","San Justo"
"Buenos Aires","La Matanza",Tapiales
"Buenos Aires","La Matanza","Villa Celina"
"Buenos Aires","La Matanza","Villa Luzuriaga"
"Buenos Aires","La Matanza","Virrey Del Pino"
"Buenos Aires","La Plata",Abasto
"Buenos Aires","La Plata","Altos De San Lorenzo"
"Buenos Aires","La Plata","Angel Etcheverry"
"Buenos Aires","La Plata",Arana
"Buenos Aires","La Plata","Arturo Seguí"
"Buenos Aires","La Plata","City Bell"
"Buenos Aires","La Plata","El Peligro"
"Buenos Aires","La Plata",Gorina
"Buenos Aires","La Plata","José Hernández"
"Buenos Aires","La Plata","José Melchor Romero"
"Buenos Aires","La Plata","La Plata"
"Buenos Aires","La Plata","Lisandro Olmos"
"Buenos Aires","La Plata","Lomas De Copello"
"Buenos Aires","La Plata","Los Hornos"
"Buenos Aires","La Plata","Manuel B. Gonnet"
"Buenos Aires","La Plata",Ringuelet
"Buenos Aires","La Plata","San Carlos"
"Buenos Aires","La Plata",Tolosa
"Buenos Aires","La Plata","Villa Elisa"
"Buenos Aires","La Plata","Villa Elvira"
"Buenos Aires","Lanús","Lanús Este"
"Buenos Aires","Lanús","Lanús Oeste"
"Buenos Aires","Lanús","Monte Chingolo"
"Buenos Aires","Lanús","Remedios De Escalada"
"Buenos Aires","Lanús","Valentín Alsina"
"Buenos Aires","Las Flores","Las Flores"
"Buenos Aires",Lincoln,Lincoln
"Buenos Aires",Lobos,Lobos
"Buenos Aires","Lomas de Zamora","Ingeniero Budge"
"Buenos Aires","Lomas de Zamora",Lavallol
"Buenos Aires","Lomas de Zamora","Parque Barón"
"Buenos Aires","Lomas de Zamora","Santa Catalina"
"Buenos Aires","Lomas de Zamora",Temperley
"Buenos Aires","Lomas de Zamora","Villa Albertina"
"Buenos Aires","Lomas de Zamora","Villa Centenario"
"Buenos Aires","Lomas de Zamora","Villa Fiorito"
"Buenos Aires","Lomas de Zamora","Villa Lamadrid"
"Buenos Aires","Luján","Lezica Y Torrezuri"
"Buenos Aires","Luján","Luján"
"Buenos Aires","Luján",Olivera
"Buenos Aires","Luján","Open Door"
"Buenos Aires",Magdalena,Magdalena
"Buenos Aires","Maipú","Las Armas"
"Buenos Aires","Malvinas Argentinas","Grand Bourg"
"Buenos Aires","Malvinas Argentinas","Los Polvorines"
"Buenos Aires","Malvinas Argentinas","Pablo Nogués"
"Buenos Aires","Malvinas Argentinas",Sourdeaux
"Buenos Aires","Malvinas Argentinas","Tierras Altas"
"Buenos Aires","Malvinas Argentinas",Tortuguitas
"Buenos Aires","Malvinas Argentinas","Villa De Mayo"
"Buenos Aires","Marcos Paz","Barrio Santa Rosa"
"Buenos Aires","Marcos Paz","Marcos Paz"
"Buenos Aires",Mercedes,Gowland
"Buenos Aires",Mercedes,Mercedes
"Buenos Aires",Merlo,Libertad
"Buenos Aires",Merlo,"Mariano Acosta"
"Buenos Aires",Merlo,Merlo
"Buenos Aires",Merlo,"Parque San Martín"
"Buenos Aires",Merlo,Pontevedra
"Buenos Aires",Monte,"San Miguel Del Monte"
"Buenos Aires","Monte Hermoso","Monte Hermoso"
"Buenos Aires",Moreno,"Cuartel V"
"Buenos Aires",Moreno,"Francisco Álvarez"
"Buenos Aires",Moreno,"La Reja"
"Buenos Aires",Moreno,Moreno
"Buenos Aires",Moreno,"Paso Del Rey"
"Buenos Aires",Moreno,Trujui
"Buenos Aires","Morón",Castelar
"Buenos Aires","Morón","El Palomar"
"Buenos Aires","Morón",Haedo
"Buenos Aires","Morón","Morón"
"Buenos Aires",Necochea,Necochea
"Buenos Aires",Necochea,"Quequén"
"Buenos Aires","Olavarría","Olavarría"
"Buenos Aires",Patagones,"Carmen De Patagones"
"Buenos Aires",Patagones,Villalonga
"Buenos Aires","Pehuajó","Pehuajó"
"Buenos Aires",Pergamino,Pergamino
"Buenos Aires",Pergamino,Rancagua
"Buenos Aires",Pilar,"Del Viso"
"Buenos Aires",Pilar,"Fátima"
"Buenos Aires",Pilar,"La Lonja"
"Buenos Aires",Pilar,Lagomarsino
"Buenos Aires",Pilar,"Manuel Alberti"
"Buenos Aires",Pilar,Manzanares
"Buenos Aires",Pilar,Pilar
"Buenos Aires",Pilar,"Presidente Derqui"
"Buenos Aires",Pilar,"Villa Astolfi"
"Buenos Aires",Pilar,"Villa Rosa"
"Buenos Aires",Pilar,Zelaya
"Buenos Aires",Pinamar,Ostende
"Buenos Aires","Presidente Perón","Barrio America Unida"
"Buenos Aires","Presidente Perón",Guernica
"Buenos Aires","Punta Indio","Verónica"
"Buenos Aires",Quilmes,Bernal
"Buenos Aires",Quilmes,"Bernal Oeste"
"Buenos Aires",Quilmes,"Don Bosco"
"Buenos Aires",Quilmes,Ezpeleta
"Buenos Aires",Quilmes,Quilmes
"Buenos Aires",Quilmes,"Quilmes Oeste"
"Buenos Aires",Quilmes,"San Francisco Solano"
"Buenos Aires",Quilmes,"Villa La Florida"
"Buenos Aires",Ramallo,"Pérez Millan"
"Buenos Aires",Ramallo,Ramallo
"Buenos Aires",Ramallo,"Villa Ramallo"
"Buenos Aires",Saladillo,Saladillo
"Buenos Aires",Salto,Salto
"Buenos Aires","San Andrés de Giles","San Andrés De Giles"
"Buenos Aires","San Andrés de Giles","Solís"
"Buenos Aires","San Fernando","San Fernando"
"Buenos Aires","San Fernando",Victoria
"Buenos Aires","San Fernando",Virreyes
"Buenos Aires","San Isidro",Beccar
"Buenos Aires","San Isidro","Boulogne Sur Mer"
"Buenos Aires","San Isidro","Martínez"
"Buenos Aires","San Isidro","San Isidro"
"Buenos Aires","San Miguel","Bella Vista"
"Buenos Aires","San Miguel","Muñiz"
"Buenos Aires","San Miguel","San Miguel"
"Buenos Aires","San Miguel","Santa María"
"Buenos Aires","San Nicolás","San Nicolás De Los Arroyos"
"Buenos Aires","San Pedro","Río Tala"
"Buenos Aires","San Pedro","San Pedro"
"Buenos Aires","San Pedro","Santa Lucía"
"Buenos Aires","San Vicente","Alejandro Korn"
"Buenos Aires","San Vicente",Domselaar
"Buenos Aires","San Vicente","San Vicente"
"Buenos Aires",Tandil,Tandil
"Buenos Aires",Tigre,"Benavídez"
"Buenos Aires",Tigre,"Dique Luján"
"Buenos Aires",Tigre,"Don Torcuato"
"Buenos Aires",Tigre,"Don Torcuato Este"
"Buenos Aires",Tigre,"El Talar"
"Buenos Aires",Tigre,"General Pacheco"
"Buenos Aires",Tigre,"Los Troncos Del Talar"
"Buenos Aires",Tigre,"Ricardo Rojas"
"Buenos Aires",Tigre,"Rincón De Milberg"
"Buenos Aires",Tigre,Tigre
"Buenos Aires",Tordillo,"General Conesa"
"Buenos Aires","Tres Arroyos","Tres Arroyos"
"Buenos Aires","Tres de Febrero",Caseros
"Buenos Aires","Tres de Febrero",Churruca
"Buenos Aires","Tres de Febrero",Ciudadela
"Buenos Aires","Tres de Febrero","El Libertador"
"Buenos Aires","Tres de Febrero","Jose Ingenieros"
"Buenos Aires","Tres de Febrero","Loma Hermosa"
"Buenos Aires","Tres de Febrero","Remedios De Escalada"
"Buenos Aires","Tres de Febrero","Santos Lugares"
"Buenos Aires","Vicente López",Carapachay
"Buenos Aires","Vicente López","Florida Oeste"
"Buenos Aires","Vicente López",Munro
"Buenos Aires","Vicente López",Olivos
"Buenos Aires","Vicente López","Vicente López"
"Buenos Aires","Vicente López","Villa Martelli"
"Buenos Aires","Villa Gesell","Mar Azul"
"Buenos Aires","Villa Gesell","Villa Gesell"
"Buenos Aires",Villarino,"Hilario Ascasubi"
"Buenos Aires",Villarino,"Mayor Buratóvich"
"Buenos Aires",Villarino,Medanos
"Buenos Aires",Villarino,"Pedro Luro"
"Buenos Aires","Zárate",Escalada
"Buenos Aires","Zárate",Lima
"Buenos Aires","Zárate","Zárate"
Catamarca,"Andalgalá","Andalgalá"
Catamarca,"Belén","Belén"
Catamarca,"Capayán",Chumbicha
Catamarca,"Capayán","Colonia Nueva Coneta"
Catamarca,"Capayán",Huillapima
Catamarca,Capital,"San Fernando Del Valle De Catamarca"
Catamarca,"Fray Mamerto Esquiú","El Hueco"
Catamarca,"Fray Mamerto Esquiú","La Falda De San Antonio"
Catamarca,"La Paz","Icaño"
Catamarca,"La Paz","Quirós"
Catamarca,"La Paz",Recreo
Catamarca,"La Paz","San Antonio"
Catamarca,"Paclín",Amadores
Catamarca,Tinogasta,Tinogasta
Catamarca,"Valle Viejo","Pozo Del Mistol"
Catamarca,"Valle Viejo","San Isidro"
Catamarca,"Valle Viejo","Santa Cruz"
Chaco,"12 de octubre",Gancedo
Chaco,"12 de octubre","General Pinedo"
Chaco,"1° de Mayo","Colonia Benítez"
Chaco,"1° de Mayo","Margarita Belén"
Chaco,"2 de abril","Hermoso Campo"
Chaco,"25 de mayo",Machagai
Chaco,"9 de julio","Las Breñas"
Chaco,"Almirante Brown","Concepción Del Bermejo"
Chaco,"Almirante Brown","Los Frentones"
Chaco,"Almirante Brown","Pampa Del Infierno"
Chaco,"Almirante Brown","Taco Pozo"
Chaco,Bermejo,"La Leonesa"
Chaco,Bermejo,"Las Palmas"
Chaco,Chacabuco,Charata
Chaco,"Comandante Fernández","Presidencia Roque Sáenz Peña"
Chaco,"Fray Justo Santa María de Oro","Santa Sylvina"
Chaco,"General Belgrano",Corzuela
Chaco,"General Donovan",Lapachito
Chaco,"General Donovan","Makallé"
Chaco,"General Güemes","El Sauzalito"
Chaco,"General Güemes","Juan José Castelli"
Chaco,"General Güemes",Miraflores
Chaco,"General Güemes","Nueva Pompeya"
Chaco,"General Güemes","Villa Río Bermejito"
Chaco,Independencia,"Avia Terai"
Chaco,Independencia,"Campo Largo"
Chaco,Independencia,Napenay
Chaco,Libertad,"Puerto Tirol"
Chaco,"Libertador General San Martín","General José de San Martín"
Chaco,"Libertador General San Martín","Pampa Del Indio"
Chaco,"Maipú","Tres Isletas"
Chaco,"Mayor Luis J. Fontana","Coronel Du Graty"
Chaco,"Mayor Luis J. Fontana","Villa Ángela"
Chaco,"O'Higgins","La Clotilde"
Chaco,"O'Higgins","San Bernardo"
Chaco,"Presidencia de la Plaza","Presidencia De La Plaza"
Chaco,Quitilipi,Quitilipi
Chaco,"San Fernando",Barranqueras
Chaco,"San Fernando",Basail
Chaco,"San Fernando",Fontana
Chaco,"San Fernando","Puerto Vilelas"
Chaco,"San Fernando",Resistencia
Chaco,"San Lorenzo","Villa Berthet"
Chaco,"Sargento Cabral","Colonia Elisa"
Chaco,"Sargento Cabral","Colonias Unidas"
Chaco,"Sargento Cabral","Las Garcitas"
Chubut,Biedma,"Puerto Madryn"
Chubut,Cushamen,"El Hoyo"
Chubut,Cushamen,"El Maitén"
Chubut,Cushamen,"Lago Puelo"
Chubut,Escalante,"Comodoro Rivadavia"
Chubut,"Futaleufú",Esquel
Chubut,"Futaleufú","Trevelín"
Chubut,Gaiman,Dolavon
Chubut,Gaiman,Gaiman
Chubut,Rawson,Rawson
Chubut,Rawson,Trelew
Chubut,Sarmiento,Sarmiento
"Ciudad Autónoma de Buenos Aires","Comuna 1","Puerto Madero"
"Ciudad Autónoma de Buenos Aires","Comuna 1",Retiro
"Ciudad Autónoma de Buenos Aires","Comuna 14",Palermo
"Ciudad Autónoma de Buenos Aires","Comuna 15",Chacarita
"Ciudad Autónoma de Buenos Aires","Comuna 15",Paternal
"Ciudad Autónoma de Buenos Aires","Comuna 2",Recoleta
"Ciudad Autónoma de Buenos Aires","Comuna 4",Barracas
"Ciudad Autónoma de Buenos Aires","Comuna 4","La Boca"
"Ciudad Autónoma de Buenos Aires","Comuna 4","Nueva Pompeya"
"Ciudad Autónoma de Buenos Aires","Comuna 6",Caballito
"Ciudad Autónoma de Buenos Aires","Comuna 7",Flores
"Ciudad Autónoma de Buenos Aires","Comuna 8","Villa Lugano"
"Ciudad Autónoma de Buenos Aires","Comuna 8","Villa Riachuelo"
"Ciudad Autónoma de Buenos Aires","Comuna 8","Villa Soldati"
"Ciudad Autónoma de Buenos Aires","Comuna 9","Parque Avellaneda"
Corrientes,"Bella Vista","Bella Vista"
Corrientes,"Berón de Astrada","Yahapé"
Corrientes,Capital,Corrientes
Corrientes,Capital,"Laguna Brava"
Corrientes,Capital,Riachuelo
Corrientes,"Concepción","Concepción"
Corrientes,"Concepción","Santa Rosa"
Corrientes,"Concepción",Tabay
Corrientes,"Curuzú Cuatiá","Curuzú Cuatiá"
Corrientes,"Curuzú Cuatiá","Perugorría"
Corrientes,Empedrado,Empedrado
Corrientes,Esquina,Esquina
Corrientes,Esquina,"Pueblo Libertador"
Corrientes,"General Alvear",Alvear
Corrientes,"General Paz","Nuestra Señora Del Rosario De Caá Catí"
Corrientes,Goya,Goya
Corrientes,"Itatí","Itatí"
Corrientes,"Itatí","Ramada Paso"
Corrientes,"Ituzaingó","Ituzaingó"
Corrientes,"Ituzaingó","San Carlos"
Corrientes,Lavalle,Lavalle
Corrientes,Lavalle,"Santa Lucía"
Corrientes,"Mburucuyá","Mburucuyá"
Corrientes,Mercedes,Mercedes
Corrientes,"Monte Caseros","Monte Caseros"
Corrientes,"Paso de los Libres","Paso De Los Libres"
Corrientes,Saladas,Saladas
Corrientes,Saladas,"San Lorenzo"
Corrientes,"San Cosme","Paso De La Patria"
Corrientes,"San Cosme","Santa Ana De Los Guácaras"
Corrientes,"San Luis del Palmar","San Luis Del Palmar"
Corrientes,"San Miguel","San Miguel"
Corrientes,"San Roque","9 De julio"
Corrientes,"San Roque","San Roque"
Corrientes,"Santo Tomé","Gobernador Igr. Valentín Virasoro"
Corrientes,"Santo Tomé","Santo Tomé"
"Córdoba",Calamuchita,Embalse
"Córdoba",Calamuchita,"Villa Ciudad Parques Los Reartes (1° Sección)"
"Córdoba",Calamuchita,"Villa General Belgrano"
"Córdoba",Calamuchita,"Villa Yacanto"
"Córdoba",Capital,"Córdoba Capital"
"Córdoba","Colón","Colonia Caroya"
"Córdoba","Colón","El Manzano"
"Córdoba","Colón","Estacion Juárez Celman"
"Córdoba","Colón","Jesús María"
"Córdoba","Colón","La Calera"
"Córdoba","Colón","Malvinas Argentinas"
"Córdoba","Colón","Saldán"
"Córdoba","Colón",Salsipuedes
"Córdoba","Colón",Unquillo
"Córdoba","Colón","Villa Allende"
"Córdoba","Cruz del Eje","Cruz Del Eje"
"Córdoba","Cruz del Eje","San Marcos Sierra"
"Córdoba","General Roca","Hipólito Bouchard"
"Córdoba","General San Martín",Sanabria
"Córdoba","General San Martín",Ticino
"Córdoba","General San Martín","Villa María"
"Córdoba","General San Martín","Villa Nueva"
"Córdoba","Juárez Celman","General Cabrera"
"Córdoba","Juárez Celman","La Carlota"
"Córdoba",Minas,"San Carlos Minas"
"Córdoba",Punilla,"Bialet Massé"
"Córdoba",Punilla,"Capilla Del Monte"
"Córdoba",Punilla,"Cosquín"
"Córdoba",Punilla,"Cuesta Blanca"
"Córdoba",Punilla,"La Falda"
"Córdoba",Punilla,"Santa María"
"Córdoba",Punilla,Tanti
"Córdoba",Punilla,"Villa Carlos Paz"
"Córdoba",Punilla,"Villa Giardino"
"Córdoba",Punilla,"Villa Río Icho Cruz"
"Córdoba","Río Cuarto","Río Cuarto"
"Córdoba","Río Primero",Montecristo
"Córdoba","Río Primero","Río Primero"
"Córdoba","Río Seco","Villa De María"
"Córdoba","Río Segundo",Oncativo
"Córdoba","Río Segundo",Pilar
"Córdoba","Río Segundo","Río Segundo"
"Córdoba","San Javier","La Ramada"
"Córdoba","San Javier","Las Tapias"
"Córdoba","San Javier","Villa Dolores"
"Córdoba","San Justo",Balnearia
"Córdoba","San Justo","Las Varillas"
"Córdoba","San Justo",Morteros
"Córdoba","San Justo","San Francisco"
"Córdoba","Santa María","Alta Gracia"
"Córdoba","Santa María",Anisacate
"Córdoba","Santa María",Bouwer
"Córdoba","Santa María","Malagueño"
"Córdoba",Sobremonte,"San Francisco Del Chañar"
"Córdoba","Tercero Arriba","Río Tercero"
"Córdoba",Totoral,"Villa Del Totoral"
"Córdoba",Tulumba,"Lucio V. Mansilla"
"Córdoba","Unión","Bell Ville"
"Entre Ríos","Colón","Colón"
"Entre Ríos","Colón","San José"
"Entre Ríos",Concordia,Concordia
"Entre Ríos",Concordia,"Los Charrúas"
"Entre Ríos",Diamante,Diamante
"Entre Ríos","Federación","Chajarí"
"Entre Ríos","Federación","Federación"
"Entre Ríos",Federal,Federal
"Entre Ríos",Gualeguay,Gualeguay
"Entre Ríos","Gualeguaychú","Gualeguaychú"
"Entre Ríos","Islas del Ibicuy",Ibicuy
"Entre Ríos","Islas del Ibicuy","Villa Paranacito"
"Entre Ríos","La Paz",Bovril
"Entre Ríos","La Paz","Colonia Avigdor"
"Entre Ríos","La Paz","La Paz"
"Entre Ríos","La Paz","Santa Elena"
"Entre Ríos","Nogoyá","Nogoyá"
"Entre Ríos","Paraná",Cerrito
"Entre Ríos","Paraná","Colonia Avellaneda"
"Entre Ríos","Paraná",Crespo
"Entre Ríos","Paraná","Paraná"
"Entre Ríos","Paraná","San Benito"
"Entre Ríos","Paraná","Villa Urquiza"
"Entre Ríos",Tala,"Maciá"
"Entre Ríos",Tala,"Rosario Del Tala"
"Entre Ríos",Uruguay,"Concepción Del Uruguay"
"Entre Ríos",Victoria,"El Espinillo"
"Entre Ríos",Victoria,"Rincón de Nogoyá"
"Entre Ríos",Victoria,Victoria
"Entre Ríos",Villaguay,Villaguay
Formosa,Bermejo,"Laguna Yema"
Formosa,Formosa,Formosa
Formosa,Formosa,"Villa del Carmen"
Formosa,Matacos,"Ingeniero Juárez"
Formosa,"Patiño","Comandante Fontana"
Formosa,"Patiño","Estanislao Del Campo"
Formosa,"Patiño","Las Lomitas"
Formosa,"Patiño","San Martín II"
Formosa,"Patiño","Villa General Güemes"
Formosa,Pilcomayo,Clorinda
Formosa,Pilcomayo,"Laguna Naick-Neck"
Formosa,Pilcomayo,"Riacho He-He"
Formosa,"Pirané","Colonia Campo Villafañe"
Formosa,"Pirané","El Colorado"
Formosa,"Pirané","Palo Santo"
Formosa,"Pirané","Pirané"
Formosa,"Ramón Lista","General Mosconi"
Jujuy,Cochinoca,"Abra Pampa"
Jujuy,"Dr. Manuel Belgrano",Guerrero
Jujuy,"Dr. Manuel Belgrano","San Pablo De Reyes"
Jujuy,"Dr. Manuel Belgrano","San Salvador De Jujuy"
Jujuy,"El Carmen","Aguas Calientes"
Jujuy,"El Carmen","El Carmen"
Jujuy,"El Carmen","Los Lapachos"
Jujuy,"El Carmen",Monterrico
Jujuy,"El Carmen","Pampa Blanca"
Jujuy,"El Carmen",Perico
Jujuy,"El Carmen","Puesto Viejo"
Jujuy,Humahuaca,Humahuaca
Jujuy,Ledesma,Bananal
Jujuy,Ledesma,Caimancito
Jujuy,Ledesma,Calilegua
Jujuy,Ledesma,"Chalicán"
Jujuy,Ledesma,"Fraile Pintado"
Jujuy,Ledesma,"Libertador General San Martín"
Jujuy,Ledesma,Yuto
Jujuy,"Palpalá","Palpalá"
Jujuy,"San Antonio","Los Alisos"
Jujuy,"San Pedro","La Mendieta"
Jujuy,"San Pedro","San Pedro De Jujuy"
Jujuy,"Santa Bárbara","El Piquete"
Jujuy,"Santa Bárbara","El Talar"
Jujuy,"Santa Bárbara","Palma Sola"
Jujuy,"Santa Bárbara","Santa Clara"
Jujuy,Tilcara,Huacalera
Jujuy,Tilcara,"Maimará"
Jujuy,Tilcara,Tilcara
Jujuy,"Yaví","La Quiaca"
"La Pampa",Capital,"Santa Rosa"
"La Pampa","Catriló","Catriló"
"La Pampa",Chalileo,"Santa Isabel"
"La Pampa","Puelén","25 De mayo"
"La Pampa",Toay,Toay
"La Rioja",Arauco,Aimogasta
"La Rioja",Capital,"La Rioja"
"La Rioja","General Belgrano",Olta
"La Rioja","General Ocampo",Milagro
Mendoza,Capital,Mendoza
Mendoza,"General Alvear",Bowen
Mendoza,"General Alvear",Carmensa
Mendoza,"General Alvear","General Alvear"
Mendoza,"Godoy Cruz","Gobernador Benegas"
Mendoza,"Godoy Cruz","Godoy Cruz"
Mendoza,"Godoy Cruz","San Vicente"
Mendoza,"Godoy Cruz",Sarmiento
Mendoza,"Godoy Cruz",Trapiche
Mendoza,"Godoy Cruz","Villa del Parque"
Mendoza,"Guaymallén",Bermejo
Mendoza,"Guaymallén","Buena Nueva"
Mendoza,"Guaymallén","Colonia Molina"
Mendoza,"Guaymallén","Colonia Segovia"
Mendoza,"Guaymallén","El Sauce"
Mendoza,"Guaymallén","Guaymallén"
Mendoza,"Guaymallén","Jesús Nazareno"
Mendoza,"Guaymallén","Los Corralitos"
Mendoza,"Guaymallén","Puente De Hierro"
Mendoza,"Guaymallén","Rodeo De La Cruz"
Mendoza,"La Paz",Desaguadero
Mendoza,"Las Heras",Capdevila
Mendoza,"Las Heras","El Algarrobal"
Mendoza,"Las Heras","El Borbollon"
Mendoza,"Las Heras","El Borbollón"
Mendoza,"Las Heras","El Challao"
Mendoza,"Las Heras","El Pastal"
Mendoza,"Las Heras","El Plumerillo"
Mendoza,"Las Heras","Jocolí"
Mendoza,"Las Heras","Las Heras"
Mendoza,"Las Heras",Panquehua
Mendoza,"Las Heras",Uspallata
Mendoza,Lavalle,"3 De mayo"
Mendoza,Lavalle,"Barrio Alto Del Olvido"
Mendoza,Lavalle,"Barrio La Palmera"
Mendoza,Lavalle,"Costa De Araujo"
Mendoza,Lavalle,"El Paramillo"
Mendoza,Lavalle,"Ingeniero Gustavo André"
Mendoza,Lavalle,"Jocolí"
Mendoza,Lavalle,"Jocolí Viejo"
Mendoza,Lavalle,Lavalle
Mendoza,Lavalle,"Villa Tulumaya"
Mendoza,"Luján de Cuyo",Agrelo
Mendoza,"Luján de Cuyo","Chacras De Coria"
Mendoza,"Luján de Cuyo","Luján De Cuyo"
Mendoza,"Luján de Cuyo","Mayor Drummond"
Mendoza,"Luján de Cuyo",Perdriel
Mendoza,"Luján de Cuyo",Potrerillos
Mendoza,"Luján de Cuyo",Ugarteche
Mendoza,"Luján de Cuyo","Vertientes del Pedemonte"
Mendoza,"Maipú",Coquimbito
Mendoza,"Maipú","Cruz De Piedra"
Mendoza,"Maipú","Fray Luis Beltrán"
Mendoza,"Maipú","General Ortega"
Mendoza,"Maipú",Lulunta
Mendoza,"Maipú","Maipú"
Mendoza,"Maipú","Rodeo Del Medio"
Mendoza,"Maipú",Russell
Mendoza,"Maipú","San Roque"
Mendoza,"Malargüe","Malargüe"
Mendoza,Rivadavia,Andrade
Mendoza,Rivadavia,"Los Árboles"
Mendoza,Rivadavia,Rivadavia
Mendoza,"San Carlos","Barrio El Cepillo"
Mendoza,"San Carlos",Chilecito
Mendoza,"San Carlos","Eugenio Bustos"
Mendoza,"San Carlos","La Consulta"
Mendoza,"San Carlos",Pareditas
Mendoza,"San Carlos","San Carlos"
Mendoza,"San Martín",Chapanay
Mendoza,"San Martín",Palmira
Mendoza,"San Martín","San Martín"
Mendoza,"San Martín","Tres Porteñas"
Mendoza,"San Rafael","Cuadro Benegas"
Mendoza,"San Rafael","El Nihuil"
Mendoza,"San Rafael",Goudge
Mendoza,"San Rafael","Jaime Prats"
Mendoza,"San Rafael","Las Malvinas"
Mendoza,"San Rafael","Las Paredes"
Mendoza,"San Rafael","Pobre Diablo"
Mendoza,"San Rafael","Salto De Las Rosas"
Mendoza,"San Rafael","San Rafael"
Mendoza,"San Rafael","Villa Atuel Norte"
Mendoza,"Santa Rosa","Barrio 12 De Octubre"
Mendoza,"Santa Rosa","La Dormida"
Mendoza,"Santa Rosa","Las Catitas"
Mendoza,"Santa Rosa","Santa Rosa"
Mendoza,"Tunuyán","Colonia Las Rosas"
Mendoza,"Tunuyán","Tunuyán"
Mendoza,"Tunuyán","Vista Flores"
Mendoza,Tupungato,Anchoris
Mendoza,Tupungato,"Belgrano Norte"
Mendoza,Tupungato,"El Peral"
Mendoza,Tupungato,"La Arboleda"
Mendoza,Tupungato,Tupungato
Mendoza,Tupungato,"Villa Bastias"
Misiones,"25 de mayo","25 De mayo"
Misiones,"25 de mayo","Paraje Itatí"
Misiones,"25 de mayo","San Francisco De Asís"
Misiones,"Apóstoles","Apóstoles"
Misiones,"Apóstoles","Estación Apóstoles"
Misiones,"Apóstoles","San José"
Misiones,"Apóstoles","Tres Capones"
Misiones,"Cainguás","Aristóbulo Del Valle"
Misiones,"Cainguás","Campo Grande"
Misiones,"Cainguás","Dos De Mayo Núcleo III (Bº Bernardino Rivadavia)"
Misiones,"Cainguás","Dos de Mayo Núcleo II"
Misiones,"Cainguás","Pueblo Illia"
Misiones,Candelaria,Candelaria
Misiones,Candelaria,Loreto
Misiones,Candelaria,"Mártires"
Misiones,Candelaria,"Puerto Santa Ana"
Misiones,Candelaria,"Santa Ana"
Misiones,Capital,"Garupá"
Misiones,Capital,"Nemesio Parma"
Misiones,Capital,Posadas
Misiones,Capital,"Posadas (Extensión)"
Misiones,"Concepción","Concepción De La Sierra"
Misiones,Eldorado,"9 De Julio Kilómetro 20"
Misiones,Eldorado,"Colonia Victoria"
Misiones,Eldorado,Eldorado
Misiones,Eldorado,"María Magdalena"
Misiones,Eldorado,"Santiago De Liniers"
Misiones,"General Manuel Belgrano","Bernardo De Irigoyen"
Misiones,"General Manuel Belgrano","Comandante Andresito"
Misiones,"General Manuel Belgrano","Dos Hermanas"
Misiones,"General Manuel Belgrano","San Antonio"
Misiones,"Guaraní","Chacra 302"
Misiones,"Guaraní","El Soberbio"
Misiones,"Guaraní","Fracrán"
Misiones,"Guaraní","Kilómetro 300"
Misiones,"Guaraní","San Vicente"
Misiones,"Iguazú","Colonia Wanda"
Misiones,"Iguazú","Puerto Esperanza"
Misiones,"Iguazú","Puerto Iguazú"
Misiones,"Iguazú","Puerto Libertad"
Misiones,"Leandro N. Alem","Cerro Azul"
Misiones,"Leandro N. Alem","Dos Arroyos"
Misiones,"Leandro N. Alem","Leandro N Alem"
Misiones,"Leandro N. Alem","Olegario V. Andrade"
Misiones,"Libertador General San Martín","El Alcázar"
Misiones,"Libertador General San Martín","Garuhapé"
Misiones,"Libertador General San Martín","Puerto Leoni"
Misiones,"Libertador General San Martín","Puerto Rico"
Misiones,Montecarlo,Montecarlo
Misiones,Montecarlo,"Puerto Piray"
Misiones,"Oberá","Campo Viera"
Misiones,"Oberá","Guaraní"
Misiones,"Oberá","Los Helechos"
Misiones,"Oberá","Oberá"
Misiones,"San Ignacio","Gobernador Roca"
Misiones,"San Ignacio","Hipólito Yrigoyen"
Misiones,"San Ignacio","Jardín América"
Misiones,"San Ignacio","Roca Chica"
Misiones,"San Ignacio","San Ignacio"
Misiones,"San Ignacio","Santo Pipó"
Misiones,"San Javier","Itacaruaré"
Misiones,"San Javier","San Javier"
Misiones,"San Pedro","Pozo Azul"
Misiones,"San Pedro","San Pedro"
"Neuquén","Aluminé","Aluminé"
"Neuquén","Añelo","Añelo"
"Neuquén","Añelo","San Patricio Del Chañar"
"Neuquén","Chos Malal","Chos Malal"
"Neuquén",Confluencia,Centenario
"Neuquén",Confluencia,"Cutral Co"
"Neuquén",Confluencia,"Neuquén"
"Neuquén",Confluencia,Plottier
"Neuquén",Confluencia,Senillosa
"Neuquén",Confluencia,"Vista Alegre Norte"
"Neuquén",Huiliches,"Junín De Los Andes"
"Neuquén","Loncopué","Loncopué"
"Neuquén","Lácar","San Martín De Los Andes"
"Neuquén",Pehuenches,"Rincón De Los Sauces"
"Neuquén","Picún Leufú","Picún Leufú"
"Neuquén",Zapala,"Mariano Moreno"
"Neuquén",Zapala,Zapala
"Río Negro","25 de mayo","Ingeniero Jacobacci"
"Río Negro","Adolfo Alsina","El Cóndor"
"Río Negro","Adolfo Alsina",Viedma
"Río Negro",Bariloche,"El Bolsón"
"Río Negro",Bariloche,"San Carlos De Bariloche"
"Río Negro",Bariloche,"Villa Campanario"
"Río Negro","El Cuy","Balsa Las Perlas"
"Río Negro","General Roca",Allen
"Río Negro","General Roca","Barda Del Medio"
"Río Negro","General Roca",Catriel
"Río Negro","General Roca",Cervantes
"Río Negro","General Roca",Chichinales
"Río Negro","General Roca","Cinco Saltos"
"Río Negro","General Roca",Cipolletti
"Río Negro","General Roca","General Enrique Godoy"
"Río Negro","General Roca","General Fernández Oro"
"Río Negro","General Roca","General Roca"
"Río Negro","General Roca","Ingeniero Luis A. Huergo"
"Río Negro","General Roca","Mainqué"
"Río Negro","General Roca","Villa Regina"
"Río Negro","San Antonio","Las Grutas"
"Río Negro","San Antonio","San Antonio Oeste"
"Río Negro","San Antonio","Sierra Grande"
Salta,Anta,"Apolinario Saravia"
Salta,Anta,"Coronel Mollinedo"
Salta,Anta,"El Quebrachal"
Salta,Anta,Gaona
Salta,Anta,"General Pizarro"
Salta,Anta,"Joaquín V González"
Salta,Anta,"Las Lajitas"
Salta,Anta,"Luis Burela"
Salta,Cachi,Cachi
Salta,Capital,"Salta Capital"
Salta,Capital,"Villa San Lorenzo"
Salta,Cerrillos,Cerrillos
Salta,"General Güemes","Campo Santo"
Salta,"General Güemes",Cobos
Salta,"General Güemes","El Bordo"
Salta,"General Güemes","General Güemes"
Salta,"General Güemes","Madre Vieja"
Salta,"General José de San Martín",Aguaray
Salta,"General José de San Martín",Campichuelo
Salta,"General José de San Martín",Carboncito
Salta,"General José de San Martín","Coronel Cornejo"
Salta,"General José de San Martín",Dragones
Salta,"General José de San Martín","Embarcación"
Salta,"General José de San Martín","General Ballivián"
Salta,"General José de San Martín","General Enrique Mosconi"
Salta,"General José de San Martín",Hickman
Salta,"General José de San Martín","Padre Lozano"
Salta,"General José de San Martín","Profesor Salvador Mazza"
Salta,"General José de San Martín",Tartagal
Salta,"La Caldera","La Caldera"
Salta,"La Caldera",Vaqueros
Salta,"La Candelaria","El Jardín"
Salta,"La Candelaria","El Tala"
Salta,"La Viña","Coronel Moldes"
Salta,"Los Andes","San Antonio De Los Cobres"
Salta,"Metán","El Galpón"
Salta,"Metán","Metán"
Salta,"Orán","Aguas Blancas"
Salta,"Orán","Colonia Santa Rosa"
Salta,"Orán","Hipólito Yrigoyen"
Salta,"Orán","Paraje Saucelito"
Salta,"Orán",Pichanal
Salta,"Orán","San Ramón De La Nueva Orán"
Salta,"Orán",Urundel
Salta,Rivadavia,"Coronel Juan Solá"
Salta,Rivadavia,"La Unión"
Salta,Rivadavia,"Santa Rosa"
Salta,"Rosario de Lerma","Campo Quijano"
Salta,"Rosario de Lerma","La Silleta"
Salta,"Rosario de Lerma","Rosario De Lerma"
Salta,"Rosario de la Frontera","Rosario De La Frontera"
Salta,"San Carlos","San Carlos"
"San Juan","25 de mayo","Tupelí"
"San Juan","25 de mayo","Villa Borjas"
"San Juan","25 de mayo","Villa El Tango"
"San Juan","25 de mayo","Villa Santa Rosa"
"San Juan","Albardón","Campo Afuera"
"San Juan","Albardón","El Rincón"
"San Juan",Angaco,"Las Tapias"
"San Juan",Angaco,"Villa El Salvador"
"San Juan",Calingasta,Calingasta
"San Juan",Capital,"San Juan"
"San Juan",Caucete,Bermejo
"San Juan",Caucete,Caucete
"San Juan",Caucete,"Las Talas"
"San Juan",Caucete,"Los Médanos"
"San Juan",Caucete,"Pie De Palo"
"San Juan",Caucete,Vallecito
"San Juan",Chimbas,Chimbas
"San Juan","Jáchal","San José De Jáchal"
"San Juan",Pocito,"Carpintería"
"San Juan",Pocito,"La Rinconada"
"San Juan",Pocito,"Villa Aberastáin"
"San Juan",Pocito,"Villa Centenario"
"San Juan",Rawson,"Médano De Oro"
"San Juan",Rivadavia,"La Bebida"
"San Juan",Rivadavia,Rivadavia
"San Juan","San Martín","Villa Dominguito"
"San Juan","Santa Lucía","Alto de Sierra"
"San Juan","Santa Lucía","Colonia Richet Zapata"
"San Juan","Santa Lucía","Santa Lucía"
"San Juan",Sarmiento,Cochagual
"San Juan",Sarmiento,"Colonia Fiscal"
"San Juan",Sarmiento,"Punta Del Médano"
"San Juan",Sarmiento,"Tres Esquinas"
"San Juan",Sarmiento,"Villa Media Agua"
"San Juan",Ullum,Ullum
"San Juan",Ullum,"Villa Ibáñez"
"San Juan","Valle Fértil","Villa San Agustín"
"San Juan",Zonda,Zonda
"San Luis",Ayacucho,Quines
"San Luis",Chacabuco,"Concarán"
"San Luis","General Pedernera","Villa Mercedes"
"San Luis","Gobernador Dupuy","Buena Esperanza"
"San Luis","Gobernador Dupuy","Unión"
"San Luis","Juan Martín de Pueyrredón","Juana Koslay"
"San Luis","Juan Martín de Pueyrredón","San Luis"
"San Luis","Junín",Merlo
"Santa Cruz","Corpen Aike","Comandante Luis Piedrabuena"
"Santa Cruz",Deseado,"Caleta Olivia"
"Santa Cruz",Deseado,"Las Heras"
"Santa Cruz",Deseado,"Pico Truncado"
"Santa Cruz","Güer Aike","28 De noviembre"
"Santa Cruz","Güer Aike","Río Gallegos"
"Santa Fe","9 de julio","Gato Colorado"
"Santa Fe","9 de julio",Tostado
"Santa Fe","9 de julio","Villa Minetti"
"Santa Fe",Belgrano,Tortugas
"Santa Fe",Caseros,Arequito
"Santa Fe",Caseros,Casilda
"Santa Fe",Castellanos,Frontera
"Santa Fe",Castellanos,"Nueva Lehmann"
"Santa Fe",Castellanos,Rafaela
"Santa Fe",Castellanos,"Santa Clara De Saguier"
"Santa Fe","Constitución","Villa Constitución"
"Santa Fe",Garay,"Cayastá"
"Santa Fe",Garay,Helvecia
"Santa Fe",Garay,"Santa Rosa De Calchines"
"Santa Fe","General López",Chovet
"Santa Fe","General López",Firmat
"Santa Fe","General López","Venado Tuerto"
"Santa Fe","General Obligado",Avellaneda
"Santa Fe","General Obligado",Berna
"Santa Fe","General Obligado",Florencia
"Santa Fe","General Obligado","Guadalupe Norte"
"Santa Fe","General Obligado",Hardy
"Santa Fe","General Obligado","Ingeniero Chanourdie"
"Santa Fe","General Obligado","Las Garzas"
"Santa Fe","General Obligado","Las Toscas"
"Santa Fe","General Obligado",Malabrigo
"Santa Fe","General Obligado",Reconquista
"Santa Fe","General Obligado","Tacuarendí"
"Santa Fe","General Obligado","Villa Ana"
"Santa Fe","General Obligado","Villa Guillermina"
"Santa Fe","General Obligado","Villa Ocampo"
"Santa Fe",Iriondo,"Cañada De Gómez"
"Santa Fe",Iriondo,Correa
"Santa Fe",Iriondo,Oliveros
"Santa Fe",Iriondo,Totoras
"Santa Fe","La Capital","Arroyo Aguiar"
"Santa Fe","La Capital","Arroyo Leyes"
"Santa Fe","La Capital","Laguna Paiva"
"Santa Fe","La Capital",Recreo
"Santa Fe","La Capital","San José Del Rincón"
"Santa Fe","La Capital","Santa Fe"
"Santa Fe","La Capital","Santo Tomé"
"Santa Fe","La Capital","Sauce Viejo"
"Santa Fe","Las Colonias",Esperanza
"Santa Fe","Las Colonias",Pilar
"Santa Fe","Las Colonias",Progreso
"Santa Fe","Las Colonias","Santa Clara De Buena Vista"
"Santa Fe",Rosario,Alvear
"Santa Fe",Rosario,"Arroyo Seco"
"Santa Fe",Rosario,"Coronel Bogado"
"Santa Fe",Rosario,Fighiera
"Santa Fe",Rosario,Funes
"Santa Fe",Rosario,"General Lagos"
"Santa Fe",Rosario,"Granadero Baigorria"
"Santa Fe",Rosario,Ibarlucea
"Santa Fe",Rosario,"Piñero"
"Santa Fe",Rosario,"Pueblo Esther"
"Santa Fe",Rosario,"Pérez"
"Santa Fe",Rosario,Rosario
"Santa Fe",Rosario,"Villa Gobernador Gálvez"
"Santa Fe","San Cristóbal","Colonia Rosa"
"Santa Fe","San Cristóbal","La Lucila"
"Santa Fe","San Cristóbal","San Cristóbal"
"Santa Fe","San Cristóbal","San Guillermo"
"Santa Fe","San Cristóbal","Villa Trinidad"
"Santa Fe","San Javier",Romang
"Santa Fe","San Javier","San Javier"
"Santa Fe","San Jerónimo",Arocena
"Santa Fe","San Jerónimo",Barrancas
"Santa Fe","San Jerónimo",Coronda
"Santa Fe","San Jerónimo","Desvío Arijón"
"Santa Fe","San Jerónimo",Gaboto
"Santa Fe","San Jerónimo",Maciel
"Santa Fe","San Justo","San Justo"
"Santa Fe","San Lorenzo","Capitán Bermúdez"
"Santa Fe","San Lorenzo","Fray Luis Beltrán"
"Santa Fe","San Lorenzo","Puerto General San Martín"
"Santa Fe","San Lorenzo","Roldán"
"Santa Fe","San Lorenzo","San Lorenzo"
"Santa Fe","San Lorenzo","Timbúes"
"Santa Fe","San Martín","El Trébol"
"Santa Fe","San Martín","San Jorge"
"Santa Fe",Vera,"Calchaquí"
"Santa Fe",Vera,Garabato
"Santa Fe",Vera,Margarita
"Santa Fe",Vera,Vera
"Santiago del Estero",Alberdi,"Campo Gallo"
"Santiago del Estero",Alberdi,Sachayoj
"Santiago del Estero",Atamisqui,"Villa Atamisqui"
"Santiago del Estero",Avellaneda,"Colonia Dora"
"Santiago del Estero",Avellaneda,"Icaño"
"Santiago del Estero",Banda,Clodomira
"Santiago del Estero",Banda,"La Banda"
"Santiago del Estero",Banda,Simbolar
"Santiago del Estero",Capital,"El Zanjón"
"Santiago del Estero",Capital,"Santiago Del Estero"
"Santiago del Estero",Choya,"Frías"
"Santiago del Estero",Choya,Tapso
"Santiago del Estero",Copo,"El Caburé"
"Santiago del Estero",Copo,"Los Pirpintos"
"Santiago del Estero",Copo,"Los Tigres"
"Santiago del Estero",Copo,"Monte Quemado"
"Santiago del Estero",Copo,"Pampa De Los Guanacos"
"Santiago del Estero","General Taboada","Añatuya"
"Santiago del Estero","Guasayán","San Pedro"
"Santiago del Estero","Jiménez","El Bobadal"
"Santiago del Estero","Jiménez","Pozo Hondo"
"Santiago del Estero","Juan F. Ibarra","Suncho Corral"
"Santiago del Estero",Loreto,"Villa San Martín (Est. Loreto)"
"Santiago del Estero",Moreno,Quimili
"Santiago del Estero",Moreno,Tintina
"Santiago del Estero","Ojo de Agua","Villa Ojo De Agua"
"Santiago del Estero",Pellegrini,"Nueva Esperanza"
"Santiago del Estero",Robles,"Colonia El Simbolar"
"Santiago del Estero",Robles,"Fernández"
"Santiago del Estero","Río Hondo","Termas De Río Hondo"
"Santiago del Estero","Río Hondo","Villa Giménez"
"Santiago del Estero",Sarmiento,Garza
"Santiago del Estero","Silípica","Villa San Martín (Est. Loreto)"
"Tierra del Fuego","Río Grande","Río Grande"
"Tierra del Fuego",Tolhuin,Tolhuin
"Tierra del Fuego",Ushuaia,Ushuaia
"Tucumán","Burruyacú",Garmendia
"Tucumán","Burruyacú","Villa Burruyacú"
"Tucumán",Capital,"San Miguel De Tucumán"
"Tucumán",Chicligasta,"Alto Verde"
"Tucumán",Chicligasta,Arcadia
"Tucumán",Chicligasta,"Concepción"
"Tucumán",Chicligasta,Iltico
"Tucumán",Chicligasta,"La Trinidad"
"Tucumán",Chicligasta,"San Roque"
"Tucumán","Cruz Alta",Alderetes
"Tucumán","Cruz Alta","Banda Del Río Salí"
"Tucumán","Cruz Alta",Colombres
"Tucumán","Cruz Alta","Delfín Gallo"
"Tucumán","Cruz Alta","El Bracho"
"Tucumán","Cruz Alta","Ex Ingenio Los Ralos"
"Tucumán","Cruz Alta","Ingenio La Florida"
"Tucumán","Cruz Alta","Las Cejas"
"Tucumán","Cruz Alta",Lastenia
"Tucumán","Cruz Alta",Ranchillos
"Tucumán","Cruz Alta","San Andrés"
"Tucumán","Cruz Alta","Villa Tercera"
"Tucumán","Famaillá","Famaillá"
"Tucumán",Graneros,Graneros
"Tucumán",Graneros,Lamadrid
"Tucumán",Graneros,"Taco Ralo"
"Tucumán","Juan B. Alberdi","Juan Bautista Alberdi"
"Tucumán","Juan B. Alberdi","Villa Belgrano"
"Tucumán","La Cocha","La Cocha"
"Tucumán",Leales,"Bella Vista"
"Tucumán",Leales,"Pala Pala"
"Tucumán",Leales,"Río Colorado"
"Tucumán",Lules,"Barrio San Felipe"
"Tucumán",Lules,"El Manantial"
"Tucumán",Lules,"Ingenio San Pablo"
"Tucumán",Lules,"La Reducción"
"Tucumán",Lules,"San Isidro De Lules"
"Tucumán",Monteros,Acheral
"Tucumán",Monteros,"Comuna Leon Rouges y Santa Rosa"
"Tucumán",Monteros,Monteros
"Tucumán",Monteros,"Santa Lucía"
"Tucumán",Monteros,"Sargento Moya"
"Tucumán",Monteros,"Teniente Berdina"
"Tucumán",Monteros,"Villa Quinteros"
"Tucumán","Río Chico",Aguilares
"Tucumán","Río Chico","Monte Bello"
"Tucumán","Río Chico","Río Chico"
"Tucumán","Río Chico","Santa Ana"
"Tucumán",Simoca,Atahona
"Tucumán",Simoca,Simoca
"Tucumán","Tafí Viejo","Diagonal Norte, Luz Y Fuerza, Los Pocitos, Villa Nueva Italia"
"Tucumán","Tafí Viejo","Las Talitas"
"Tucumán","Tafí Viejo","Los Nogales"
"Tucumán","Tafí Viejo",Raco
"Tucumán","Tafí Viejo","San José"
"Tucumán","Tafí Viejo","Tafí Viejo"
"Tucumán","Tafí del Valle","Amaicha Del Valle"
"Tucumán","Tafí del Valle","Colalao Del Valle"
"Tucumán","Tafí del Valle","Tafí Del Valle"
"Tucumán",Trancas,Choromoro
"Tucumán",Trancas,"San Pedro De Colalao"
"Tucumán",Trancas,Tapia
"Tucumán",Trancas,"Villa De Trancas"
"Tucumán",Trancas,Vipo
"Tucumán","Yerba Buena","Barrio San José III"
"Tucumán","Yerba Buena","Villa Carmela"
"Tucumán","Yerba Buena","Yerba Buena - Marcos Paz"
